{
  "buildinfo":{
    "mVersion":10,
    "mBuildVersionNumber":1938
  },
  "gameStates":{
    "mGameState":2,
    "mSessionState":5,
    "mRaceState":2
  },
  "participants":{
    "mViewedParticipantIndex":0,
    "mNumParticipants":1,
    "mParticipantInfo":[
      {
        "mIsActive":true,
        "mName":"M. -VIPER- Morgan",
        "mWorldPosition":[523.413,22.2485,-459.836],
        "mCurrentLapDistance":421.552,
        "mRacePosition":1,
        "mLapsCompleted":0,
        "mCurrentLap":1,
        "mCurrentSector":0,
        "mRaceStates":2,
        "mPitModes":0,
        "mFastestLapTimes":-123,
        "mLastLapTimes":-123,
        "mFastestSector1Times":-1,
        "mFastestSector2Times":-1,
        "mFastestSector3Times":-1,
        "mCurrentSector1Times":63.101,
        "mCurrentSector2Times":-1,
        "mCurrentSector3Times":-1,
        "mLapsInvalidated":0,
        "mOrientations":[-0.0020886,0.0199151,0.00828566],
        "mSpeeds":11.0682,
        "mCarNames":"Porsche 911 RSR GTE",
        "mCarClassNames":"GTE",
        "mPitSchedules":0,
        "mHighestFlagColours":0,
        "mHighestFlagReasons":0,
        "mNationalities":0
      }
    ]
  },
  "unfilteredInput":{
    "mUnfilteredThrottle":0.28525,
    "mUnfilteredBrake":0,
    "mUnfilteredSteering":0.00360685,
    "mUnfilteredClutch":0,
    "mJoyPad0":0,
    "mDPad":0
  },
  "vehicleInformation":{
    "mCarName":"Porsche 911 RSR GTE",
    "mCarClassName":"GTE"
  },
  "eventInformation":{
    "mLapsInEvent":6,
    "mSessionDuration":0,
    "mSessionAdditionalLaps":1,
    "mTrackLocation":"Road_America",
    "mTrackVariation":"Road_America_RC",
    "mTrackLength":6440.41,
    "mTranslatedTrackLocation":"Road America",
    "mTranslatedTrackVariation":"Road America"
  },
  "timings":{
    "mLapInvalidated":false,
    "mBestLapTime":-1,
    "mLastLapTime":-1,
    "mCurrentTime":63.101,
    "mSplitTimeAhead":-1,
    "mSplitTimeBehind":-1,
    "mSplitTime":0,
    "mEventTimeRemaining":-1,
    "mPersonalFastestLapTime":-1,
    "mWorldFastestLapTime":-1,
    "mCurrentSector1Time":63.101,
    "mCurrentSector2Time":-1,
    "mCurrentSector3Time":-1,
    "mFastestSector1Time":-1,
    "mFastestSector2Time":-1,
    "mFastestSector3Time":-1,
    "mPersonalFastestSector1Time":-1,
    "mPersonalFastestSector2Time":-1,
    "mPersonalFastestSector3Time":-1,
    "mWorldFastestSector1Time":-1,
    "mWorldFastestSector2Time":-1,
    "mWorldFastestSector3Time":-1
  },
  "flags":{
    "mHighestFlagColour":0,
    "mHighestFlagReason":0
  },
  "pitInfo":{
    "mPitMode":0,
    "mPitSchedule":0,
    "mEnforcedPitStopLap":0
  },
  "carState":{
    "mCarFlags":2,
    "mOilTempCelsius":49.3144,
    "mWaterTempCelsius":47.6281,
    "mWaterPressureKPa":109.888,
    "mFuelPressureKPa":58.5,
    "mFuelLevel":0.287643,
    "mFuelCapacity":101,
    "mSpeed":11.0682,
    "mRpm":3573.06,
    "mMaxRPM":9400,
    "mBrake":0,
    "mThrottle":0.28525,
    "mClutch":0,
    "mSteering":0.00267174,
    "mGear":1,
    "mNumGears":6,
    "mOdometerKM":3.65491,
    "mAntiLockActive":false,
    "mLastOpponentCollisionIndex":-1,
    "mLastOpponentCollisionMagnitude":0,
    "mBoostActive":false,
    "mBoostAmount":0,
    "mEngineSpeed":374.324,
    "mEngineTorque":78.9802,
    "mWings":[0,0.5],
    "mHandBrake":0,
    "mBrakeBias":0.43,
    "mTurboBoostPressure":31767.4,
    "mDrsState":0
  },
  "motionAndDeviceRelated":{
    "mOrientation":[-0.0020886,0.0199151,0.00828566],
    "mLocalVelocity":[-0.00777138,0.0594001,-11.0627],
    "mWorldVelocity":[-0.22848,0.0372156,-11.0604],
    "mAngularVelocity":[0.024259,-0.00214078,0.0320465],
    "mLocalAcceleration":[-0.0168934,-0.220798,-1.47667],
    "mWorldAcceleration":[-0.0444295,-0.223886,-1.47562],
    "mExtentsCentre":[-0.00563502,0.675283,0.140845]
  },
  "wheelsAndTyres":{
    "mTyreFlags":[7,7,7,7],
    "mTerrain":[2,2,2,2],
    "mTyreY":[0.0127228,0.0140176,0.0226898,0.0192668],
    "mTyreRPS":[-32.4319,-32.4225,-31.3527,-31.3527],
    "mTyreSlipSpeed":[0.535747,0.400029,0.247712,0.204694],
    "mTyreTemp":[55.4056,55.6436,56.3948,57.0259],
    "mTyreTempLeft":[55.418,55.6368,56.3431,57.1797],
    "mTyreTempCenter":[55.4056,55.6436,56.3948,57.0259],
    "mTyreTempRight":[55.3965,55.6566,56.5227,57.0057],
    "mTyreGrip":[0.536009,0.639977,0.767629,0.805781],
    "mTyreHeightAboveGround":[-0.0111708,-0.0117892,-0.0187389,-0.01795],
    "mTyreLateralStiffness":[0,0,0,0],
    "mTyreWear":[2.80142e-06,2.74181e-06,0.000343919,0.000306129],
    "mBrakeDamage":[0,0,0,0],
    "mSuspensionDamage":[0,0,0,0],
    "mBrakeTempCelsius":[216.371,216.377,206.712,206.725],
    "mTyreTreadTemp":[328.561,328.801,329.576,330.227],
    "mTyreLayerTemp":[321.551,321.684,322.288,322.793],
    "mTyreCarcassTemp":[340.218,340.238,341.492,341.523],
    "mTyreRimTemp":[385.065,385.072,388.592,388.601],
    "mTyreInternalAirTemp":[369.046,369.057,371.498,371.514],
    "mWheelLocalPositionY":[0.00179119,0.00301761,-0.00267652,-0.00596524],
    "mSuspensionTravel":[0.054764,0.0534442,0.0709439,0.0742933],
    "mSuspensionVelocity":[-0.00144445,-0.0246663,-0.0187101,0.0168162],
    "mRideHeight":[5.90482,5.51946,7.30835,7.41029],
    "mAirPressure":[153.698,153.703,154.72,154.726],
    "mTyreCompound":["Soft Slick","Soft Slick","Soft Slick","Soft Slick"]
  },
  "carDamage":{
    "mCrashState":0,
    "mAeroDamage":0,
    "mEngineDamage":0.000171006
  },
  "weather":{
    "mAmbientTemperature":16.1621,
    "mTrackTemperature":28.1677,
    "mRainDensity":0,
    "mWindSpeed":0.303705,
    "mWindDirectionX":-0.389054,
    "mWindDirectionY":0.2546,
    "mCloudBrightness":7.01078,
    "mSnowDensity":0
  },
  "timestamp":1643717511325
}