{"buildinfo":{"mVersion":10,"mBuildVersionNumber":1938},"gameStates":{"mGameState":2,"mSessionState":5,"mRaceState":2},"participants":{"mViewedParticipantIndex":0,"mNumParticipants":1,"mParticipantInfo":[{"mIsActive":true,"mName":"M. -VIPER- Morgan","mWorldPosition":[521.337,22.2909,-526.871],"mCurrentLapDistance":488.56,"mRacePosition":1,"mLapsCompleted":0,"mCurrentLap":1,"mCurrentSector":0,"mRaceStates":2,"mPitModes":0,"mFastestLapTimes":-123,"mLastLapTimes":-123,"mFastestSector1Times":-1,"mFastestSector2Times":-1,"mFastestSector3Times":-1,"mCurrentSector1Times":68.451,"mCurrentSector2Times":-1,"mCurrentSector3Times":-1,"mLapsInvalidated":0,"mOrientations":[-0.00946727,0.0407421,-0.0255737],"mSpeeds":12.8141,"mCarNames":"Porsche 911 RSR GTE","mCarClassNames":"GTE","mPitSchedules":0,"mHighestFlagColours":0,"mHighestFlagReasons":0,"mNationalities":0}]},"unfilteredInput":{"mUnfilteredThrottle":0.3196,"mUnfilteredBrake":0,"mUnfilteredSteering":0.00360685,"mUnfilteredClutch":0,"mJoyPad0":0,"mDPad":0},"vehicleInformation":{"mCarName":"Porsche 911 RSR GTE","mCarClassName":"GTE"},"eventInformation":{"mLapsInEvent":6,"mSessionDuration":0,"mSessionAdditionalLaps":1,"mTrackLocation":"Road_America","mTrackVariation":"Road_America_RC","mTrackLength":6440.41,"mTranslatedTrackLocation":"Road America","mTranslatedTrackVariation":"Road America"},"timings":{"mLapInvalidated":false,"mBestLapTime":-1,"mLastLapTime":-1,"mCurrentTime":68.451,"mSplitTimeAhead":-1,"mSplitTimeBehind":-1,"mSplitTime":0,"mEventTimeRemaining":-1,"mPersonalFastestLapTime":-1,"mWorldFastestLapTime":-1,"mCurrentSector1Time":68.451,"mCurrentSector2Time":-1,"mCurrentSector3Time":-1,"mFastestSector1Time":-1,"mFastestSector2Time":-1,"mFastestSector3Time":-1,"mPersonalFastestSector1Time":-1,"mPersonalFastestSector2Time":-1,"mPersonalFastestSector3Time":-1,"mWorldFastestSector1Time":-1,"mWorldFastestSector2Time":-1,"mWorldFastestSector3Time":-1},"flags":{"mHighestFlagColour":0,"mHighestFlagReason":0},"pitInfo":{"mPitMode":0,"mPitSchedule":0,"mEnforcedPitStopLap":0},"carState":{"mCarFlags":2,"mOilTempCelsius":50.4558,"mWaterTempCelsius":48.3356,"mWaterPressureKPa":127.792,"mFuelPressureKPa":58.5,"mFuelLevel":0.287456,"mFuelCapacity":101,"mSpeed":12.8141,"mRpm":4170.98,"mMaxRPM":9400,"mBrake":0,"mThrottle":0.3196,"mClutch":0,"mSteering":0.00267174,"mGear":1,"mNumGears":6,"mOdometerKM":3.72199,"mAntiLockActive":false,"mLastOpponentCollisionIndex":-1,"mLastOpponentCollisionMagnitude":0,"mBoostActive":false,"mBoostAmount":0,"mEngineSpeed":436.914,"mEngineTorque":91.1606,"mWings":[0,0.5],"mHandBrake":0,"mBrakeBias":0.43,"mTurboBoostPressure":33964.9,"mDrsState":0},"motionAndDeviceRelated":{"mOrientation":[-0.00946727,0.0407421,-0.0255737],"mLocalVelocity":[0.0125746,0.122491,-12.8088],"mWorldVelocity":[-0.505749,0.00500853,-12.7992],"mAngularVelocity":[0.10889,-0.00493131,0.0753525],"mLocalAcceleration":[-0.0218661,0.494915,-1.64606],"mWorldAcceleration":[-0.0765004,0.48023,-1.64873],"mExtentsCentre":[-0.00563502,0.675283,0.140845]},"wheelsAndTyres":{"mTyreFlags":[7,7,7,7],"mTerrain":[7,7,7,7],"mTyreY":[0.0112589,0.0147654,0.0272083,0.0214181],"mTyreRPS":[-37.5357,-37.5131,-36.5567,-36.5567],"mTyreSlipSpeed":[0.122165,0.254673,0.152809,0.268979],"mTyreTemp":[54.7158,54.3172,56.4315,55.9513],"mTyreTempLeft":[54.7289,54.3077,56.4095,56.0897],"mTyreTempCenter":[54.7158,54.3172,56.4315,55.9513],"mTyreTempRight":[54.7081,54.3284,56.6048,55.9252],"mTyreGrip":[0.881566,0.761541,0.853029,0.749108],"mTyreHeightAboveGround":[-0.0108986,-0.0227654,-0.0139363,-0.0205999],"mTyreLateralStiffness":[0,0,0,0],"mTyreWear":[2.80142e-06,2.74181e-06,0.000344098,0.000306308],"mBrakeDamage":[0,0,0,0],"mSuspensionDamage":[0,0,0,0],"mBrakeTempCelsius":[205.223,205.232,196.115,196.129],"mTyreTreadTemp":[327.877,327.477,329.641,329.147],"mTyreLayerTemp":[320.161,320.049,321.815,321.44],"mTyreCarcassTemp":[340.061,340.082,341.448,341.46],"mTyreRimTemp":[384.466,384.475,388.477,388.486],"mTyreInternalAirTemp":[369.163,369.175,371.965,371.979],"mWheelLocalPositionY":[0.000422533,0.00392386,0.00186775,-0.00392741],"mSuspensionTravel":[0.05626,0.0526293,0.066445,0.0722394],"mSuspensionVelocity":[0.028422,0.0254878,-0.0137952,-0.0165088],"mRideHeight":[6.92036,5.81834,8.08763,7.72496],"mAirPressure":[153.747,153.752,154.914,154.92],"mTyreCompound":["Soft Slick","Soft Slick","Soft Slick","Soft Slick"]},"carDamage":{"mCrashState":1,"mAeroDamage":0,"mEngineDamage":0.000184357},"weather":{"mAmbientTemperature":16.1626,"mTrackTemperature":28.1682,"mRainDensity":0,"mWindSpeed":0.303738,"mWindDirectionX":-0.389026,"mWindDirectionY":0.254709,"mCloudBrightness":7.01081,"mSnowDensity":0},"timestamp":1643717516673}